﻿[
  {
    "labelCount": 27,
    "relTypeCount": 32,
    "propertyKeyCount": 296,
    "nodeCount": 30503860,
    "relCount": 944143308,
    "labels": {
"Disease": 2565,
"DDI": 81051,
"Body Weights": 1,
"Hematology Measurement": 116,
"Tissue": 23,
"Patient Adverse Event": 26099,
"Organ Weights": 32,
"Endpoint": 1485,
"Gene": 56762,
"Conscious CV": 17,
"PKPairing": 33272,
"No Effect": 1,
"Drug": 13691,
"Cell Line": 1262,
"Clinical Condition": 1335,
"Compound": 11693596,
"DCI": 13548,
"Variant": 18570584,
"Phenotype": 7990,
"GeneForm": 597,
"Food Consumption": 1,
"PK": 813,
"ADMETox": 318,
"Anesthetized CV": 15,
"Urinalysis Measurement": 74,
"Chemistry Measurement": 93,
"Anesthetized CV (Aurigene)": 4
    },
    "relTypes": {
"()-[:Has Activity Against]->()": 11380043,
"()-[:Decreases]->(:Chemistry Measurement)": 41778,
"()-[:Is Expressed In]->(:Disease)": 10320449,
"()-[:Has No Effect]->(:Conscious CV)": 102,
"()-[:As Measured]->(:PKPairing)": 30827,
"()-[:Has Binding Kinetics]->(:GeneForm)": 36459,
"()-[:Impact On]->(:Conscious CV)": 1239,
"()-[:Is A Member Of]->(:DDI)": 171138,
"()-[:Has Form]->()": 506,
"()-[:Impact On]->()": 26630,
"(:Compound)-[:Does Not Significantly Affect]->()": 157488,
"()-[:Impact On]->(:Food Consumption)": 903,
"(:Compound)-[:Has Induction/Activation Against]->()": 6247,
"()-[:Has Property]->(:Endpoint)": 5365567,
"(:Phenotype)-[:Associated With]->()": 961,
"()-[:TESTED_IN_CLINICAL_TRIALS_FOR]->()": 31060,
"(:Drug)-[:TESTED_IN_CLINICAL_TRIALS_FOR]->()": 31060,
"()-[:Has Property]->(:ADMETox)": 4517666,
"(:Variant)-[:Associated With]->()": 2158454,
"()-[:Decreases]->(:Anesthetized CV)": 5453,
"(:PKPairing)-[:Has Property]->()": 847901,
"()-[:Decreases]->(:Conscious CV)": 2105,
"()-[:Associated With]->()": 2159415,
"(:Compound)-[:Increases]->()": 102774,
"()-[:Impact On]->(:Urinalysis Measurement)": 389,
"(:Compound)-[:Has metabolite]->()": 1313,
"(:Drug)-[:APPROVED_TREATMENT_FOR]->()": 3959,
"()-[:WAS_STUDIED]->()": 50904,
"()-[:Increases]->(:Body Weights)": 3906,
"()-[:Increases]->()": 102774,
"()-[:Has Antagonism Against]->(:Gene)": 576855,
"()-[:Does Not Significantly Affect]->(:Chemistry Measurement)": 18527,
"()-[:Decreases]->(:Urinalysis Measurement)": 2538,
"()-[:Has Property]->()": 5365567,
"()-[:Does Not Significantly Affect]->(:Food Consumption)": 18,
"()-[:As Dosed]->()": 30827,
"()-[:Is Expressed In]->(:Tissue)": 23954666,
"()-[:Has No Effect]->(:Endpoint)": 6196,
"()-[:Is Chemically Similar To]->()": 872376997,
"(:Compound)-[:Impact On]->()": 26630,
"()-[:WAS_STUDIED]->(:Disease)": 50904,
"()-[:Increases]->(:Anesthetized CV (Aurigene))": 36,
"()-[:Has Property]->(:PK)": 847901,
"()-[:Has No Effect]->(:Anesthetized CV)": 6002,
"()-[:Decreases The Effect Of]->(:Drug)": 16720,
"()-[:Does Not Significantly Affect]->(:Anesthetized CV)": 50898,
"()-[:Has MOA]->(:Gene)": 2303,
"(:Clinical Condition)-[:Is A Member Of]->()": 14273,
"()-[:Increases The Effect Of]->(:Drug)": 25483,
"()-[:Decreases]->(:Anesthetized CV (Aurigene))": 108,
"()-[:Has Activity Against]->(:Gene)": 11380043,
"()-[:Decreases]->(:Hematology Measurement)": 47840,
"()-[:Increases The Effect Of]->()": 28121,
"(:Drug)-[:Decreases The Effect Of]->()": 17087,
"(:Drug)-[:Is A Member Of]->()": 185411,
"()-[:Increases]->(:Chemistry Measurement)": 50767,
"()-[:Is Chemically Similar To]->(:Compound)": 872376997,
"()-[:Is Expressed In]->(:Cell Line)": 12461705,
"()-[:Has Antagonism Against]->()": 576855,
"()-[:Does Not Significantly Affect]->(:Body Weights)": 54,
"(:Compound)-[:Has Activity Against]->()": 11380043,
"()-[:Has Induction/Activation Against]->()": 6247,
"()-[:Has Form]->(:GeneForm)": 506,
"()-[:Decreases]->(:Endpoint)": 120946,
"()-[:Increases]->(:Organ Weights)": 11854,
"()-[:SHARES_PATHWAY_WITH]->(:Gene)": 730310,
"()-[:Increases]->(:Hematology Measurement)": 24345,
"()-[:Impact On]->(:Anesthetized CV)": 13098,
"()-[:Does Not Significantly Affect]->(:Conscious CV)": 66930,
"()-[:Impact On]->(:Hematology Measurement)": 4398,
"(:Drug)-[:WAS_STUDIED]->()": 50904,
"()-[:Does Not Significantly Affect]->(:Hematology Measurement)": 19243,
"(:Compound)-[:As Measured]->()": 30827,
"()-[:Has metabolite]->(:Compound)": 1313,
"(:Gene)-[:Has Form]->()": 506,
"()-[:Associated With]->(:Gene)": 1107641,
"()-[:Decreases The Effect Of]->(:Clinical Condition)": 367,
"()-[:Increases]->(:Conscious CV)": 4689,
"()-[:SHARES_PATHWAY_WITH]->()": 730310,
"()-[:As Dosed]->(:PKPairing)": 30827,
"()-[:Has Side Effect]->()": 2540366,
"()-[:APPROVED_TREATMENT_FOR]->()": 3959,
"()-[:Has Binding Kinetics]->()": 43032,
"()-[:APPROVED_TREATMENT_FOR]->(:Disease)": 3959,
"(:Drug)-[:Has MOA]->()": 2303,
"()-[:Associated With]->(:Phenotype)": 1051774,
"()-[:Increases]->(:Anesthetized CV)": 2605,
"()-[:Is Expressed In]->()": 46736820,
"(:Compound)-[:As Dosed]->()": 30827,
"()-[:Contains]->()": 13173,
"()-[:Has Agonism Against]->()": 488741,
"()-[:Decreases]->()": 120946,
"()-[:As Measured]->()": 30827,
"()-[:Contains]->(:Compound)": 13173,
"(:Compound)-[:Has recognized antigen]->()": 38469,
"(:Compound)-[:Has Antagonism Against]->()": 576855,
"()-[:Impact On]->(:Organ Weights)": 2800,
"()-[:Has An Interaction With]->(:Drug)": 52793,
"()-[:Is A Member Of]->()": 199684,
"()-[:Has Induction/Activation Against]->(:Gene)": 6247,
"(:Drug)-[:Contains]->()": 13173,
"()-[:Decreases]->(:Food Consumption)": 3059,
"()-[:Has An Interaction With]->()": 64061,
"()-[:Has Modulated Side Effect]->(:Patient Adverse Event)": 812432,
"(:DCI)-[:Has Modulated Side Effect]->()": 90445,
"()-[:Impact On]->(:Chemistry Measurement)": 3085,
"()-[:Increases]->(:Food Consumption)": 2018,
"(:Compound)-[:Has Binding Kinetics]->()": 43032,
"()-[:Has Agonism Against]->(:Gene)": 488741,
"()-[:Has Modulation Against]->(:Gene)": 155,
"()-[:Has Binding Kinetics]->(:Gene)": 6573,
"()-[:Impact On]->(:Endpoint)": 26630,
"(:Drug)-[:Has Side Effect]->()": 2540366,
"(:Drug)-[:Has An Interaction With]->()": 64061,
"(:Compound)-[:Has Agonism Against]->()": 488741,
"(:Compound)-[:Decreases]->()": 120946,
"()-[:Is A Member Of]->(:DCI)": 28546,
"()-[:Does Not Significantly Affect]->(:Anesthetized CV (Aurigene))": 349,
"(:Compound)-[:Has Property]->()": 4517666,
"()-[:Has MOA]->()": 2303,
"()-[:TESTED_IN_CLINICAL_TRIALS_FOR]->(:Disease)": 31060,
"(:Gene)-[:Is Expressed In]->()": 46736820,
"()-[:Has recognized antigen]->(:Gene)": 38469,
"()-[:Decreases]->(:Organ Weights)": 13411,
"(:Compound)-[:Is Chemically Similar To]->()": 872376997,
"()-[:Does Not Significantly Affect]->()": 157488,
"(:Compound)-[:Has Modulation Against]->()": 155,
"()-[:Has No Effect]->(:Anesthetized CV (Aurigene))": 92,
"()-[:Decreases]->(:Body Weights)": 4654,
"()-[:Has Modulated Side Effect]->()": 812432,
"(:DDI)-[:Has Modulated Side Effect]->()": 721987,
"()-[:Increases The Effect Of]->(:Clinical Condition)": 2638,
"(:Compound)-[:Has No Effect]->()": 6196,
"()-[:Impact On]->(:Anesthetized CV (Aurigene))": 180,
"()-[:Does Not Significantly Affect]->(:Organ Weights)": 20,
"()-[:Has Side Effect]->(:Patient Adverse Event)": 2540366,
"()-[:Does Not Significantly Affect]->(:Endpoint)": 157488,
"()-[:Has No Effect]->()": 6196,
"(:Gene)-[:SHARES_PATHWAY_WITH]->()": 730310,
"()-[:Decreases The Effect Of]->()": 17087,
"()-[:Impact On]->(:Body Weights)": 538,
"()-[:Increases]->(:Urinalysis Measurement)": 2554,
"(:Drug)-[:Increases The Effect Of]->()": 28121,
"()-[:Does Not Significantly Affect]->(:Urinalysis Measurement)": 1449,
"()-[:Has metabolite]->()": 1313,
"()-[:Increases]->(:Endpoint)": 102774,
"()-[:Has Modulation Against]->()": 155,
"()-[:Has recognized antigen]->()": 38469,
"()-[:Has An Interaction With]->(:Clinical Condition)": 11268
    },
    "relTypesCount": {
"Has Modulated Side Effect": 812432,
"Increases": 102774,
"Has Modulation Against": 155,
"Associated With": 2159415,
"Has No Effect": 6196,
"Has Property": 5365567,
"Decreases The Effect Of": 17087,
"Is Chemically Similar To": 872376997,
"As Measured": 30827,
"TESTED_IN_CLINICAL_TRIALS_FOR": 31060,
"APPROVED_TREATMENT_FOR": 3959,
"Has recognized antigen": 38469,
"Has Binding Kinetics": 43032,
"Has MOA": 2303,
"Has Antagonism Against": 576855,
"Increases The Effect Of": 28121,
"Has metabolite": 1313,
"As Dosed": 30827,
"Does Not Significantly Affect": 157488,
"Decreases": 120946,
"Is A Member Of": 199684,
"Has An Interaction With": 64061,
"WAS_STUDIED": 50904,
"Is Expressed In": 46736820,
"Has Side Effect": 2540366,
"SHARES_PATHWAY_WITH": 730310,
"Has Agonism Against": 488741,
"Impact On": 26630,
"Has Form": 506,
"Contains": 13173,
"Has Induction/Activation Against": 6247,
"Has Activity Against": 11380043
    },
    "stats": {
"relTypeCount": 32,
"propertyKeyCount": 296,
"labelCount": 27,
"nodeCount": 30503860,
"relCount": 944143308,
"labels": {
"Disease": 2565,
"DDI": 81051,
"Body Weights": 1,
"Hematology Measurement": 116,
"Tissue": 23,
"Patient Adverse Event": 26099,
"Organ Weights": 32,
"Endpoint": 1485,
"Gene": 56762,
"Conscious CV": 17,
"PKPairing": 33272,
"No Effect": 1,
"Drug": 13691,
"Cell Line": 1262,
"Clinical Condition": 1335,
"Compound": 11693596,
"DCI": 13548,
"Variant": 18570584,
"Phenotype": 7990,
"GeneForm": 597,
"Food Consumption": 1,
"PK": 813,
"ADMETox": 318,
"Anesthetized CV": 15,
"Urinalysis Measurement": 74,
"Chemistry Measurement": 93,
"Anesthetized CV (Aurigene)": 4
      },
"relTypes": {
"()-[:Has Activity Against]->()": 11380043,
"()-[:Decreases]->(:Chemistry Measurement)": 41778,
"()-[:Is Expressed In]->(:Disease)": 10320449,
"()-[:Has No Effect]->(:Conscious CV)": 102,
"()-[:As Measured]->(:PKPairing)": 30827,
"()-[:Has Binding Kinetics]->(:GeneForm)": 36459,
"()-[:Impact On]->(:Conscious CV)": 1239,
"()-[:Is A Member Of]->(:DDI)": 171138,
"()-[:Has Form]->()": 506,
"()-[:Impact On]->()": 26630,
"(:Compound)-[:Does Not Significantly Affect]->()": 157488,
"()-[:Impact On]->(:Food Consumption)": 903,
"(:Compound)-[:Has Induction/Activation Against]->()": 6247,
"()-[:Has Property]->(:Endpoint)": 5365567,
"(:Phenotype)-[:Associated With]->()": 961,
"()-[:TESTED_IN_CLINICAL_TRIALS_FOR]->()": 31060,
"(:Drug)-[:TESTED_IN_CLINICAL_TRIALS_FOR]->()": 31060,
"()-[:Has Property]->(:ADMETox)": 4517666,
"(:Variant)-[:Associated With]->()": 2158454,
"()-[:Decreases]->(:Anesthetized CV)": 5453,
"(:PKPairing)-[:Has Property]->()": 847901,
"()-[:Decreases]->(:Conscious CV)": 2105,
"()-[:Associated With]->()": 2159415,
"(:Compound)-[:Increases]->()": 102774,
"()-[:Impact On]->(:Urinalysis Measurement)": 389,
"(:Compound)-[:Has metabolite]->()": 1313,
"(:Drug)-[:APPROVED_TREATMENT_FOR]->()": 3959,
"()-[:WAS_STUDIED]->()": 50904,
"()-[:Increases]->(:Body Weights)": 3906,
"()-[:Increases]->()": 102774,
"()-[:Has Antagonism Against]->(:Gene)": 576855,
"()-[:Does Not Significantly Affect]->(:Chemistry Measurement)": 18527,
"()-[:Decreases]->(:Urinalysis Measurement)": 2538,
"()-[:Has Property]->()": 5365567,
"()-[:Does Not Significantly Affect]->(:Food Consumption)": 18,
"()-[:As Dosed]->()": 30827,
"()-[:Is Expressed In]->(:Tissue)": 23954666,
"()-[:Has No Effect]->(:Endpoint)": 6196,
"()-[:Is Chemically Similar To]->()": 872376997,
"(:Compound)-[:Impact On]->()": 26630,
"()-[:WAS_STUDIED]->(:Disease)": 50904,
"()-[:Increases]->(:Anesthetized CV (Aurigene))": 36,
"()-[:Has Property]->(:PK)": 847901,
"()-[:Has No Effect]->(:Anesthetized CV)": 6002,
"()-[:Decreases The Effect Of]->(:Drug)": 16720,
"()-[:Does Not Significantly Affect]->(:Anesthetized CV)": 50898,
"()-[:Has MOA]->(:Gene)": 2303,
"(:Clinical Condition)-[:Is A Member Of]->()": 14273,
"()-[:Increases The Effect Of]->(:Drug)": 25483,
"()-[:Decreases]->(:Anesthetized CV (Aurigene))": 108,
"()-[:Has Activity Against]->(:Gene)": 11380043,
"()-[:Decreases]->(:Hematology Measurement)": 47840,
"()-[:Increases The Effect Of]->()": 28121,
"(:Drug)-[:Decreases The Effect Of]->()": 17087,
"(:Drug)-[:Is A Member Of]->()": 185411,
"()-[:Increases]->(:Chemistry Measurement)": 50767,
"()-[:Is Chemically Similar To]->(:Compound)": 872376997,
"()-[:Is Expressed In]->(:Cell Line)": 12461705,
"()-[:Has Antagonism Against]->()": 576855,
"()-[:Does Not Significantly Affect]->(:Body Weights)": 54,
"(:Compound)-[:Has Activity Against]->()": 11380043,
"()-[:Has Induction/Activation Against]->()": 6247,
"()-[:Has Form]->(:GeneForm)": 506,
"()-[:Decreases]->(:Endpoint)": 120946,
"()-[:Increases]->(:Organ Weights)": 11854,
"()-[:SHARES_PATHWAY_WITH]->(:Gene)": 730310,
"()-[:Increases]->(:Hematology Measurement)": 24345,
"()-[:Impact On]->(:Anesthetized CV)": 13098,
"()-[:Does Not Significantly Affect]->(:Conscious CV)": 66930,
"()-[:Impact On]->(:Hematology Measurement)": 4398,
"(:Drug)-[:WAS_STUDIED]->()": 50904,
"()-[:Does Not Significantly Affect]->(:Hematology Measurement)": 19243,
"(:Compound)-[:As Measured]->()": 30827,
"()-[:Has metabolite]->(:Compound)": 1313,
"(:Gene)-[:Has Form]->()": 506,
"()-[:Associated With]->(:Gene)": 1107641,
"()-[:Decreases The Effect Of]->(:Clinical Condition)": 367,
"()-[:Increases]->(:Conscious CV)": 4689,
"()-[:SHARES_PATHWAY_WITH]->()": 730310,
"()-[:As Dosed]->(:PKPairing)": 30827,
"()-[:Has Side Effect]->()": 2540366,
"()-[:APPROVED_TREATMENT_FOR]->()": 3959,
"()-[:Has Binding Kinetics]->()": 43032,
"()-[:APPROVED_TREATMENT_FOR]->(:Disease)": 3959,
"(:Drug)-[:Has MOA]->()": 2303,
"()-[:Associated With]->(:Phenotype)": 1051774,
"()-[:Increases]->(:Anesthetized CV)": 2605,
"()-[:Is Expressed In]->()": 46736820,
"(:Compound)-[:As Dosed]->()": 30827,
"()-[:Contains]->()": 13173,
"()-[:Has Agonism Against]->()": 488741,
"()-[:Decreases]->()": 120946,
"()-[:As Measured]->()": 30827,
"()-[:Contains]->(:Compound)": 13173,
"(:Compound)-[:Has recognized antigen]->()": 38469,
"(:Compound)-[:Has Antagonism Against]->()": 576855,
"()-[:Impact On]->(:Organ Weights)": 2800,
"()-[:Has An Interaction With]->(:Drug)": 52793,
"()-[:Is A Member Of]->()": 199684,
"()-[:Has Induction/Activation Against]->(:Gene)": 6247,
"(:Drug)-[:Contains]->()": 13173,
"()-[:Decreases]->(:Food Consumption)": 3059,
"()-[:Has An Interaction With]->()": 64061,
"()-[:Has Modulated Side Effect]->(:Patient Adverse Event)": 812432,
"(:DCI)-[:Has Modulated Side Effect]->()": 90445,
"()-[:Impact On]->(:Chemistry Measurement)": 3085,
"()-[:Increases]->(:Food Consumption)": 2018,
"(:Compound)-[:Has Binding Kinetics]->()": 43032,
"()-[:Has Agonism Against]->(:Gene)": 488741,
"()-[:Has Modulation Against]->(:Gene)": 155,
"()-[:Has Binding Kinetics]->(:Gene)": 6573,
"()-[:Impact On]->(:Endpoint)": 26630,
"(:Drug)-[:Has Side Effect]->()": 2540366,
"(:Drug)-[:Has An Interaction With]->()": 64061,
"(:Compound)-[:Has Agonism Against]->()": 488741,
"(:Compound)-[:Decreases]->()": 120946,
"()-[:Is A Member Of]->(:DCI)": 28546,
"()-[:Does Not Significantly Affect]->(:Anesthetized CV (Aurigene))": 349,
"(:Compound)-[:Has Property]->()": 4517666,
"()-[:Has MOA]->()": 2303,
"()-[:TESTED_IN_CLINICAL_TRIALS_FOR]->(:Disease)": 31060,
"(:Gene)-[:Is Expressed In]->()": 46736820,
"()-[:Has recognized antigen]->(:Gene)": 38469,
"()-[:Decreases]->(:Organ Weights)": 13411,
"(:Compound)-[:Is Chemically Similar To]->()": 872376997,
"()-[:Does Not Significantly Affect]->()": 157488,
"(:Compound)-[:Has Modulation Against]->()": 155,
"()-[:Has No Effect]->(:Anesthetized CV (Aurigene))": 92,
"()-[:Decreases]->(:Body Weights)": 4654,
"()-[:Has Modulated Side Effect]->()": 812432,
"(:DDI)-[:Has Modulated Side Effect]->()": 721987,
"()-[:Increases The Effect Of]->(:Clinical Condition)": 2638,
"(:Compound)-[:Has No Effect]->()": 6196,
"()-[:Impact On]->(:Anesthetized CV (Aurigene))": 180,
"()-[:Does Not Significantly Affect]->(:Organ Weights)": 20,
"()-[:Has Side Effect]->(:Patient Adverse Event)": 2540366,
"()-[:Does Not Significantly Affect]->(:Endpoint)": 157488,
"()-[:Has No Effect]->()": 6196,
"(:Gene)-[:SHARES_PATHWAY_WITH]->()": 730310,
"()-[:Decreases The Effect Of]->()": 17087,
"()-[:Impact On]->(:Body Weights)": 538,
"()-[:Increases]->(:Urinalysis Measurement)": 2554,
"(:Drug)-[:Increases The Effect Of]->()": 28121,
"()-[:Does Not Significantly Affect]->(:Urinalysis Measurement)": 1449,
"()-[:Has metabolite]->()": 1313,
"()-[:Increases]->(:Endpoint)": 102774,
"()-[:Has Modulation Against]->()": 155,
"()-[:Has recognized antigen]->()": 38469,
"()-[:Has An Interaction With]->(:Clinical Condition)": 11268
      }
    }
  }
]