{
  "rollback":{
    "templateGroup":"rollback_file_system|crawler",
    "template_map":{
      "requireRollBackCrawlJobInfo":{
        "query_type":"select"
      },
      "delete_query":{
        "query_type":"update"
      },
      "rollbackTableUpdate":{
        "query_type":"update"
      },
      "rollbackTableDelete":{
        "query_type":"update"
      }
    }
  },
  "crawling": {
    "templateGroup": "crawl_file_system|crawler",
    "template_map": {
      "getPreviousCrawlJobInfo":{
        "query_type":"select"
      },
      "getNewCrawlJobInfo": {
        "query_type": "select"
      },
      "insertCrawlJobInfo": {
        "query_type": "update"
      },
      "stagingTruncate_Batch": {
        "query_type": "update"
      },
      "stagingInsert_FileMetadataFromSource": {
        "query_type": "batch_update"
      },
      "stagingInsert_FileColumnMetadataFromSource": {
        "query_type": "batch_update"
      }
    }
  },
  "cdc":{
    "templateGroup":"cdc_file_system|crawler",
    "template_map": {
      "staging_cdc_file_metadata_from_source_update_deletequery1": {
        "query_type": "update"
      },
      "staging_cdc_file_metadata_from_source_update_insertquery1": {
        "query_type": "update"
      },
      "staging_cdc_temp_src_file_entity_delete_deletequery1": {
        "query_type": "update"
      },
      "staging_cdc_temp_src_file_entity_delete_insertquery1": {
        "query_type": "update"
      },
      "staging_cdc_file_metadata_from_source_insertquery2": {
        "query_type": "update"
      },
      "staging_cdc_file_metadata_from_source_updatequery1": {
        "query_type": "update"
      },
      "staging_cdc_file_metadata_from_source_deletequery1_update": {
        "query_type": "update"
      },
      "semi_strucured_column_metadata_from_source_for_ddl_change_delete": {
        "query_type": "update"
      },
      "semi_strucured_column_metadata_from_source_for_ddl_change_insert": {
        "query_type": "update"
      },
      "staging_cdc_delete_file_ddl_change": {
        "query_type": "update"
      },
      "staging_cdc_capture_file_ddl_change": {
        "query_type": "update"
      },
      "staging_cdc_update_columns_data_from_source": {
        "query_type": "update"
      },
      "staging_cdc_column_metadata_from_source_deletequery1_update": {
        "query_type": "update"
      },
      "staging_cdc_columns_data_from_source_update_deletequery1": {
        "query_type": "update"
      },
      "staging_cdc_columns_data_from_source_update_insertquery1": {
        "query_type": "update"
      },
	  "staging_cdc_columns_data_from_source_insertquery2": {
        "query_type": "update"
      },
      "staging_cdc_columns_data_from_source_updatequery1": {
        "query_type": "update"
      },
      "updateCrawlJobInfo_Finished": {
        "query_type": "update"
      }
    }
  },
  "errors":{
    "templateGroup":"error|crawler"
  }
}
