{
  "refresh_frequency":60,
  "template_config":{
    "template_renderer_type":"STGroupFileRenderer",
    "template_group":"C:\\Workarea\\crawlerBatch\\Crawler10-8-2020\\Crawlers\\crawlers\\src\\main\\resources\\refresh_queries_crawler.stg",
    "template_name":"getHosts"
  },
  "quartz_props_file":"C:\\Workarea\\crawlerBatch\\Crawler10-8-2020\\Crawlers\\crawlers\\src\\main\\resources\\quartz.properties",
  "database_config":{
    "name":"nabu",
    "type":"postgresql",
    "description":"This is Postgres Connection Profile",
    "jdbc_driver":"org.postgresql.Driver",
    "jdbc_url":"jdbc:postgresql://w3.devpsql.modak.com:5432/nabu_v3?ApplicationName=Crawler_nabu_v3_1_36",
    "username":"",
    "password":"",
    "encrypted_password":"N",
    "minConnectionsPerPartition":"0",
    "maxConnectionsPerPartition":"10",
    "private_key_file_path":"C:\\Workarea\\crawlerBatch\\Crawler10-8-2020\\Crawlers\\crawlers\\src\\main\\resources\\jwtkeys\\privateKey"
  },
  "kafka_config":{
   "pull":"true",
    "public_key":"C:\\Workarea\\crawlerBatch\\Crawler10-8-2020\\Crawlers\\crawlers\\src\\main\\resources\\keys\\publicKey",
    "private_key":"C:\\Workarea\\crawlerBatch\\Crawler10-8-2020\\Crawlers\\crawlers\\src\\main\\resources\\jwtkeys\\privateKey",
    "topics":[
      "crawler_test"
    ],
    "topic_contains_pattern":false,
    "value.serializer": "org.apache.kafka.common.serialization.ByteArraySerializer",
    "acks": "1",
    "bootstrap.servers": "localhost:9092",
    "key.serializer": "org.apache.kafka.common.serialization.StringSerializer"
  }
}