{
  "rollback":{
    "templateGroup":"C:\\Workarea\\crawlerBatch\\Crawlers\\crawlers\\src\\main\\resources\\templates\\crawler\\3.0\\1.0\\rollback.stg",
    "template_map":{
      "requireRollBackCrawlJobInfo":{
        "query_type":"select"
      },
      "delete_query":{
        "query_type":"update"
      },
      "rollbackTableUpdate":{
        "query_type":"update"
      },
      "rollbackTableDelete":{
        "query_type":"update"
      }
    }
  },
  "crawling":{
    "templateGroup":"C:\\Workarea\\crawlerBatch\\Crawlers\\crawlers\\src\\main\\resources\\templates\\crawler\\3.0\\1.0\\crawl_postgres.stg",
    "template_map":{
      "getPreviousCrawlJobInfo":{
        "connection_type":"kosh",
        "query_type":"select"
      },
      "getNewCrawlJobInfo":{
        "connection_type":"kosh",
        "query_type":"select"
      },
      "insertCrawlJobInfo":{
        "connection_type":"kosh",
        "query_type":"update"
      },
      "stagingTruncate_Batch":{
        "connection_type":"kosh",
        "query_type":"update"
      },
      "query_dba_all_tables":{
        "query_type":"select_insert",
        "select_query": "query_dba_all_tables",
        "insert_query": "stagingInsert_TableMetadataFromSource"
      },
      "query_all_tables_cols":{
        "query_type":"select_insert",
        "select_query": "query_all_tables_cols",
        "insert_query": "stagingInsert_ColumnsDataFromSource"
      },
      "query_dba_indexes":{
        "query_type":"select_insert",
        "select_query": "query_dba_indexes",
        "insert_query": "stagingInsert_IndexColumnsFromSource"
      },
      "query_dba_privileges":{
        "query_type":"select_insert",
        "select_query": "query_dba_privileges",
        "insert_query": "stagingInsert_TablePrivilegesFromSource"
      }
    }
  },
  "cdc":{
    "templateGroup":"C:\\Workarea\\crawlerBatch\\Crawlers\\crawlers\\src\\main\\resources\\templates\\crawler\\3.0\\1.0\\cdc_relational.stg",
    "template_map": {
      "staging_cdc_table_metadata_from_source_deletequery2": {
        "query_type": "update"
      },
      "staging_cdc_table_metadata_from_source_updatequery2": {
        "query_type": "update"
      },
      "staging_cdc_table_metadata_from_source_update_deletequery1": {
        "query_type": "update"
      },
      "staging_cdc_table_metadata_from_source_update_insertquery1": {
        "query_type": "update"
      },
      "staging_cdc_temp_src_table_entity_delete_deletequery1": {
        "query_type": "update"
      },
      "staging_cdc_temp_src_table_entity_delete_insertquery1": {
        "query_type": "update"
      },
      "staging_cdc_table_metadata_from_source_insertquery2": {
        "query_type": "update"
      },
      "staging_cdc_table_metadata_from_source_updatequery1": {
        "query_type": "update"
      },
      "staging_cdc_table_metadata_from_source_deletequery1_update": {
        "query_type": "update"
      },
      "column_metadata_from_source_for_ddl_change_delete": {
        "query_type": "update"
      },
      "column_metadata_from_source_for_ddl_change_insert": {
        "query_type": "update"
      },
      "staging_cdc_delete_table_ddl_change": {
        "query_type": "update"
      },
      "staging_cdc_capture_table_ddl_change": {
        "query_type": "update"
      },
      "staging_cdc_update_columns_data_from_source": {
        "query_type": "update"
      },
      "staging_cdc_column_metadata_from_source_deletequery1_update": {
        "query_type": "update"
      },
      "staging_cdc_columns_data_from_source_update_deletequery1": {
        "query_type": "update"
      },
      "staging_cdc_columns_data_from_source_update_insertquery1": {
        "query_type": "update"
      },
      "staging_cdc_columns_data_from_source_insertquery2": {
        "query_type": "update"
      },
      "staging_cdc_columns_data_from_source_updatequery1": {
        "query_type": "update"
      },
      "staging_cdc_index_columns_from_source_update_deletequery1": {
        "query_type": "update"
      },
      "staging_cdc_index_columns_from_source_update_insertquery1": {
        "query_type": "update"
      },
      "staging_cdc_index_columns_from_source_insertquery2": {
        "query_type": "update"
      },
      "staging_cdc_index_columns_from_source_updatequery1": {
        "query_type": "update"
      },
      "staging_Insert_Table_Privileges_Stage_From_Source_delete":{
        "query_type": "update"
      },
      "staging_Insert_Table_Privileges_Stage_From_Source":{
        "query_type": "update"
      },
      "staging_cdc_table_privileges_from_source_update_deletequery1": {
        "query_type": "update"
      },
      "staging_cdc_table_privileges_from_source_update_insertquery1": {
        "query_type": "update"
      },
      "staging_cdc_table_privileges_from_source_insertquery2": {
        "query_type": "update"
      },
      "staging_cdc_table_privileges_from_source_updatequery1": {
        "query_type": "update"
      },
      "updateCrawlJobInfo_Finished": {
        "query_type": "update"
      }
    }
  },
  "errors":{
    "templateGroup":"C:\\Workarea\\crawlerBatch\\Crawlers\\crawlers\\src\\main\\resources\\templates\\crawler\\3.0\\1.0\\error.stg"
  }
}