{
  "database_config":{
    "name":"nabu",
    "type":"postgresql",
    "description":"This is Postgres Connection profile",
    "jdbc_driver":"org.postgresql.Driver",
    "jdbc_url":"jdbc:postgresql://w3.testpsql1.modak.com:5432/nabu_v3?ApplicationName=Crawler_nabu",
    "username":"",
    "password":"",
    "encrypted_password":"N",
    "minConnectionsPerPartition":"0",
    "maxConnectionsPerPartition":"10",
    "private_key_file_path":"C:\\Workarea\\crawlerBatch\\Crawler10-8-2020\\Crawlers\\crawlers\\src\\main\\resources\\jwtkeys\\privateKey"
  },
  "kafka_config":{
    "public_key":"C://Workarea//crawlerBatch//Crawler26-8-2020//Crawlers//crawlers//src//main//resources//keys//publicKey",
    "private_key":"C://Workarea//crawlerBatch//Crawler26-8-2020//Crawlers//crawlers//src//main//resources//keys//privateKey",
    "topics":[
      "crawler_test"
    ],
    "pull":true,
    "topic_contains_pattern":false,
    "group.id":"test-consumer-group",
    "key.deserializer": "org.apache.kafka.common.serialization.StringDeserializer",
    "value.deserializer": "org.apache.kafka.common.serialization.ByteArrayDeserializer",
    "enable.auto.commit": "false",
    "max.poll.records": 1,
    "bootstrap.servers": "localhost:9092",
    "session.timeout.ms": "60000",
    "max.poll.interval.ms": 172800000
  },
  "template_config":{
    "rest_end_point":"https://botsnode.modak.com:2047/getTemplatesFromDatabase",
    "template_renderer_type":"STGroupFileRenderer"
  },
  "private_key":"C://Workarea//crawlerBatch//Crawler26-8-2020//Crawlers//crawlers//src//main//resources//keys//privateKey",
  "thread_pool_size":10,
  "stagingSchemaPoolSize":10,
  "multiStagingSchemaPoolSize":4,
  "template_config_dataplace":{
    "template_renderer_type":"STGroupFileRenderer",
    "template_group":"C://Workarea//crawlerBatch//Crawler26-8-2020//Crawlers//crawlers//src//main//resources//refresh_queries_crawler.stg",
    "template_name":"specialSrcHandler"
  },
  "template_config_cloud":{
    "template_renderer_type":"STGroupFileRenderer",
    "template_group":"C://Workarea//crawlerBatch//Crawler26-8-2020//Crawlers//crawlers//src//main//resources//refresh_queries_crawler.stg",
    "template_name":"getDirectories"
  }
}