{
  "name": "risk based anonymization",
  "template" : "./resources/risk_based_anon.stg",
  "hive_config" : "./resources/hive.json",
  "thread_count": "4",
  "destination_db" : "clinical_trials_dev",
  "threshold": 0.33,
  "Quasi Identifiers": {
    "Age": {
      "columns": [
        "age","age1", "d_age_int"
      ]
    },
    "Race": {
      "columns": [
        "race","subj_race"
      ]
    },
    "Country": {
      "columns": [
        "country", "location"
      ]
    },
    "Ethinic": {
      "columns": [
        "ethinic"
      ]
    }
  },
  "Risk Anonymization Levels": [
    {
      "templates": [
        "GroupCountry"
      ],
      "Quasi Identifiers": [
        "Country"
      ]
    },
    {
      "templates": [
        "GroupAgeBy5"
      ],
      "Quasi Identifiers": [
        "Age"
      ]
    },
    {
      "templates": [
        "GroupAgeBy5",
        "GroupCountry"
      ],
      "Quasi Identifiers": [
        "Country",
        "Age"
      ]
    },
    {
      "templates": [
        "GroupAgeBy10"
      ],
      "Quasi Identifiers": [
        "Age"
      ]
    },
    {
      "templates": [
        "GroupAgeBy10",
        "GroupCountry"
      ],
      "Quasi Identifiers": [
        "Age",
        "Country"
      ]
    },
    {
      "templates": [
        "GroupAgeBy10",
        "GroupCountry",
        "GroupRace"
      ],
      "Quasi Identifiers": [
        "Country",
        "Age","Race"
      ]
    }
  ]
}